id,time_series_id,monitoring_location_id,parameter_code,statistic_id,time,value,unit_of_measure,approval_status,qualifier,last_modified
68a8f5be-55da-46b4-9870-1814680ab9b4,e25ea6f199104439a6aa63859dc1bf01,USGS-14105700,00060,00003,2026-02-28,110000,ft^3/s,Provisional,,2026-03-01 10:11:43.585993+00:00
4aacfcaa-aa8b-4b27-9b55-f1aed32362fa,e25ea6f199104439a6aa63859dc1bf01,USGS-14105700,00060,00003,2026-02-27,138000,ft^3/s,Provisional,,2026-02-28 10:10:58.459957+00:00
27210125-b188-4810-9f81-a8681dfb3602,e25ea6f199104439a6aa63859dc1bf01,USGS-14105700,00060,00003,2026-02-26,132000,ft^3/s,Provisional,,2026-02-27 10:10:58.569214+00:00
513ec5da-d5ef-499d-854f-a089a7d8ded8,e25ea6f199104439a6aa63859dc1bf01,USGS-14105700,00060,00003,2026-02-25,167000,ft^3/s,Provisional,,2026-02-26 10:10:29.644066+00:00
475fe9c0-bd7f-4048-a081-c7dd72dd6682,e25ea6f199104439a6aa63859dc1bf01,USGS-14105700,00060,00003,2026-02-24,126000,ft^3/s,Provisional,,2026-02-25 10:10:17.230433+00:00
174cded5-42fd-47e7-87f5-50d1fbcf6dbd,e25ea6f199104439a6aa63859dc1bf01,USGS-14105700,00060,00003,2026-02-23,120000,ft^3/s,Provisional,,2026-02-24 10:10:49.231049+00:00
63587dbc-c72f-47bc-b8aa-0d4def0bfcd7,e25ea6f199104439a6aa63859dc1bf01,USGS-14105700,00060,00003,2026-02-22,114000,ft^3/s,Provisional,,2026-02-23 10:10:16.599612+00:00
06669ae1-e9b5-472b-ac2b-06afdb14df39,e25ea6f199104439a6aa63859dc1bf01,USGS-14105700,00060,00003,2026-02-21,123000,ft^3/s,Provisional,,2026-02-22 10:10:59.100294+00:00
257d10dd-cf29-4436-92f4-8482e49bac5e,e25ea6f199104439a6aa63859dc1bf01,USGS-14105700,00060,00003,2026-02-20,113000,ft^3/s,Provisional,,2026-02-21 10:10:59.487690+00:00
e13f3207-7f67-4292-b4a6-75616b4f6062,e25ea6f199104439a6aa63859dc1bf01,USGS-14105700,00060,00003,2026-02-19,115000,ft^3/s,Provisional,,2026-02-20 10:10:45.695850+00:00
478b90d7-24e0-488d-ac17-8ff4fc3d11f3,e25ea6f199104439a6aa63859dc1bf01,USGS-14105700,00060,00003,2026-02-18,111000,ft^3/s,Provisional,,2026-02-19 10:10:42.593811+00:00
41a0de67-4eb0-4d20-9b4f-49b7ae94868e,e25ea6f199104439a6aa63859dc1bf01,USGS-14105700,00060,00003,2026-02-17,116000,ft^3/s,Provisional,,2026-02-18 10:10:44.814989+00:00
13179915-e91d-4911-bc26-203e52d81d0b,e25ea6f199104439a6aa63859dc1bf01,USGS-14105700,00060,00003,2026-02-16,133000,ft^3/s,Provisional,,2026-02-17 10:10:45.436575+00:00
2624ae12-0fb3-4c42-bfeb-39bd0ec7ed41,e25ea6f199104439a6aa63859dc1bf01,USGS-14105700,00060,00003,2026-02-15,111000,ft^3/s,Provisional,,2026-02-16 10:09:41.369952+00:00
f803d503-6d69-447f-a239-2bd836b04186,e25ea6f199104439a6aa63859dc1bf01,USGS-14105700,00060,00003,2026-02-14,106000,ft^3/s,Provisional,,2026-02-15 10:10:01.759760+00:00
fc08ffbf-f1e1-4ff7-995c-a9354049a1cc,e25ea6f199104439a6aa63859dc1bf01,USGS-14105700,00060,00003,2026-02-13,104000,ft^3/s,Provisional,,2026-02-14 10:09:55.936338+00:00
48cd4c13-d52f-4318-86d4-408157dabca0,e25ea6f199104439a6aa63859dc1bf01,USGS-14105700,00060,00003,2026-02-12,107000,ft^3/s,Provisional,,2026-02-13 10:10:01.702969+00:00
83590c97-0a3a-469d-9c4b-d06771d736a7,e25ea6f199104439a6aa63859dc1bf01,USGS-14105700,00060,00003,2026-02-11,104000,ft^3/s,Provisional,,2026-02-12 10:10:02.332595+00:00
b35e5e83-e202-492e-83de-44aa02dea319,e25ea6f199104439a6aa63859dc1bf01,USGS-14105700,00060,00003,2026-02-10,102000,ft^3/s,Provisional,,2026-02-11 10:10:03.173760+00:00
beba5297-e8b4-4592-a974-28d9d1f462ff,e25ea6f199104439a6aa63859dc1bf01,USGS-14105700,00060,00003,2026-02-09,109000,ft^3/s,Provisional,,2026-02-10 10:09:56.776298+00:00
e09e884f-529b-4593-adcf-2fafa52f5d73,e25ea6f199104439a6aa63859dc1bf01,USGS-14105700,00060,00003,2026-02-08,113000,ft^3/s,Provisional,,2026-02-09 10:10:27.625367+00:00
e3eae503-5194-457e-a46a-c9d4e0215c03,e25ea6f199104439a6aa63859dc1bf01,USGS-14105700,00060,00003,2026-02-07,106000,ft^3/s,Provisional,,2026-02-08 10:10:44.954901+00:00
07710e3d-a27d-424d-8f40-fd2ce213ffa3,e25ea6f199104439a6aa63859dc1bf01,USGS-14105700,00060,00003,2026-02-06,101000,ft^3/s,Provisional,,2026-02-07 10:10:32.367137+00:00
a836aaf7-e682-4eab-9b73-f012208385c0,e25ea6f199104439a6aa63859dc1bf01,USGS-14105700,00060,00003,2026-02-05,101000,ft^3/s,Provisional,,2026-02-06 10:10:30.432596+00:00
f220e677-caa7-48f0-8a43-5c863d2b6c20,e25ea6f199104439a6aa63859dc1bf01,USGS-14105700,00060,00003,2026-02-04,99200,ft^3/s,Provisional,,2026-02-05 10:10:16.401994+00:00
38cca11b-01bb-4fec-972a-8cfb5d5c4030,e25ea6f199104439a6aa63859dc1bf01,USGS-14105700,00060,00003,2026-02-03,103000,ft^3/s,Provisional,,2026-02-04 10:11:38.988789+00:00
c145bf70-a4b9-4284-be07-68df2aba29f6,e25ea6f199104439a6aa63859dc1bf01,USGS-14105700,00060,00003,2026-02-02,104000,ft^3/s,Provisional,,2026-02-03 10:11:37.197413+00:00
f900bd44-a0db-4eed-9823-78a39ad1b5c8,e25ea6f199104439a6aa63859dc1bf01,USGS-14105700,00060,00003,2026-02-01,108000,ft^3/s,Provisional,,2026-02-02 10:11:51.052779+00:00
a89290b0-766e-4a63-afc3-7ed2d4f64070,e25ea6f199104439a6aa63859dc1bf01,USGS-14105700,00060,00003,2026-01-31,102000,ft^3/s,Provisional,,2026-02-01 10:11:44.003042+00:00
0ed4850c-54cc-480f-8902-1a29306fecef,e25ea6f199104439a6aa63859dc1bf01,USGS-14105700,00060,00003,2026-01-30,104000,ft^3/s,Provisional,,2026-01-31 10:10:44.839519+00:00
09f264f8-9c1a-4f20-b6c6-faac1ba78e18,e25ea6f199104439a6aa63859dc1bf01,USGS-14105700,00060,00003,2026-01-29,107000,ft^3/s,Provisional,,2026-01-30 10:11:17.558465+00:00
256ec54f-841e-4a1b-a03a-c3fb9609715d,e25ea6f199104439a6aa63859dc1bf01,USGS-14105700,00060,00003,2026-01-28,107000,ft^3/s,Provisional,,2026-01-29 10:11:38.028286+00:00
ee59f7d0-f63b-4613-9b6e-bb5ce13f29f1,e25ea6f199104439a6aa63859dc1bf01,USGS-14105700,00060,00003,2026-01-27,113000,ft^3/s,Provisional,,2026-01-28 10:10:30.001276+00:00
9fb88860-cc88-4d24-8541-7d445361d132,e25ea6f199104439a6aa63859dc1bf01,USGS-14105700,00060,00003,2026-01-26,120000,ft^3/s,Provisional,,2026-01-27 10:10:59.107824+00:00
f9b226c7-080d-4830-921a-2a06781fe12d,e25ea6f199104439a6aa63859dc1bf01,USGS-14105700,00060,00003,2026-01-25,126000,ft^3/s,Provisional,,2026-01-26 10:11:50.096570+00:00
62de09ed-99e9-4a70-be75-bd303556f6e8,e25ea6f199104439a6aa63859dc1bf01,USGS-14105700,00060,00003,2026-01-24,132000,ft^3/s,Provisional,,2026-01-25 10:12:31.060926+00:00
af6731e5-7a98-499c-9197-9396421a124e,e25ea6f199104439a6aa63859dc1bf01,USGS-14105700,00060,00003,2026-01-23,127000,ft^3/s,Provisional,,2026-01-24 10:12:47.501272+00:00
873a0118-37a6-4b7c-af90-2622bb0f5f3b,e25ea6f199104439a6aa63859dc1bf01,USGS-14105700,00060,00003,2026-01-22,117000,ft^3/s,Provisional,,2026-01-23 10:11:45.008391+00:00
85c6bb45-66a4-4eeb-aedf-835c95ee16e2,e25ea6f199104439a6aa63859dc1bf01,USGS-14105700,00060,00003,2026-01-21,120000,ft^3/s,Provisional,,2026-01-22 10:10:17.134500+00:00
79c51fa1-278e-4285-a3c3-e300d4eb7305,e25ea6f199104439a6aa63859dc1bf01,USGS-14105700,00060,00003,2026-01-20,121000,ft^3/s,Provisional,,2026-01-21 10:11:07.751346+00:00
2779946c-3fd1-42b2-9484-296155d141ef,e25ea6f199104439a6aa63859dc1bf01,USGS-14105700,00060,00003,2026-01-19,114000,ft^3/s,Provisional,,2026-01-20 10:10:57.414837+00:00
46cdbf1c-074d-46d6-b131-7aa3b1b4f015,e25ea6f199104439a6aa63859dc1bf01,USGS-14105700,00060,00003,2026-01-18,114000,ft^3/s,Provisional,,2026-01-19 10:10:28.500923+00:00
ae4051f6-3b5c-42cb-a44c-25cfa38fbd45,e25ea6f199104439a6aa63859dc1bf01,USGS-14105700,00060,00003,2026-01-17,114000,ft^3/s,Provisional,,2026-01-18 10:11:36.505110+00:00
04876e18-801f-456b-b72d-f6c720f6703c,e25ea6f199104439a6aa63859dc1bf01,USGS-14105700,00060,00003,2026-01-16,118000,ft^3/s,Provisional,,2026-01-17 10:11:27.515371+00:00
e782666c-9b2c-4f19-9b8b-b56b2333dec8,e25ea6f199104439a6aa63859dc1bf01,USGS-14105700,00060,00003,2026-01-15,113000,ft^3/s,Provisional,,2026-01-16 10:11:15.448506+00:00
a8e16de9-0408-465a-a023-f01834f721f7,e25ea6f199104439a6aa63859dc1bf01,USGS-14105700,00060,00003,2026-01-14,126000,ft^3/s,Provisional,,2026-01-15 18:20:23.825614+00:00
2b96194a-9833-4f35-b7d9-22c4bfae55fb,e25ea6f199104439a6aa63859dc1bf01,USGS-14105700,00060,00003,2026-01-13,122000,ft^3/s,Provisional,,2026-01-14 11:06:56.762885+00:00
d48a580a-8652-4e77-b755-60ce0a6184d4,e25ea6f199104439a6aa63859dc1bf01,USGS-14105700,00060,00003,2026-01-12,116000,ft^3/s,Provisional,,2026-01-13 10:57:50.081008+00:00
07f18724-a99d-4b7b-8e5c-60edc77b17e6,e25ea6f199104439a6aa63859dc1bf01,USGS-14105700,00060,00003,2026-01-11,119000,ft^3/s,Provisional,,2026-01-12 10:57:02.627230+00:00
24718eaf-5251-405b-b1f1-52599b45b64d,e25ea6f199104439a6aa63859dc1bf01,USGS-14105700,00060,00003,2026-01-10,118000,ft^3/s,Provisional,,2026-01-11 11:05:16.590962+00:00
959c03c5-fb90-4f7d-813e-f6c7065a6a77,e25ea6f199104439a6aa63859dc1bf01,USGS-14105700,00060,00003,2026-01-09,116000,ft^3/s,Provisional,,2026-01-10 10:57:49.391241+00:00
ae2a0ae5-919c-474e-a9ee-0333ce250641,e25ea6f199104439a6aa63859dc1bf01,USGS-14105700,00060,00003,2026-01-08,120000,ft^3/s,Provisional,,2026-01-09 11:25:15.001462+00:00
d7eeaef9-395f-4036-a211-4f15a313f178,e25ea6f199104439a6aa63859dc1bf01,USGS-14105700,00060,00003,2026-01-07,121000,ft^3/s,Provisional,,2026-01-08 11:12:49.135761+00:00
6f317576-06a8-48f0-8ec9-f6a82191c808,e25ea6f199104439a6aa63859dc1bf01,USGS-14105700,00060,00003,2026-01-06,121000,ft^3/s,Provisional,,2026-01-07 11:14:02.355961+00:00
d756e333-7461-43f2-b4d2-c92c1e81e993,e25ea6f199104439a6aa63859dc1bf01,USGS-14105700,00060,00003,2026-01-05,122000,ft^3/s,Provisional,,2026-01-06 11:30:03.622292+00:00
3ab3ef7c-256f-4086-a5b4-50771e439611,e25ea6f199104439a6aa63859dc1bf01,USGS-14105700,00060,00003,2026-01-04,116000,ft^3/s,Provisional,,2026-01-05 11:15:09.698601+00:00
2ca4d660-95d8-479f-b847-bc825584e9b0,e25ea6f199104439a6aa63859dc1bf01,USGS-14105700,00060,00003,2026-01-03,115000,ft^3/s,Provisional,,2026-01-04 11:00:47.501829+00:00
bd217309-acae-4709-89ec-b91490d17694,e25ea6f199104439a6aa63859dc1bf01,USGS-14105700,00060,00003,2026-01-02,115000,ft^3/s,Provisional,,2026-01-03 11:11:56.767175+00:00
134cde36-bd93-4d5c-aedf-5b02a383304e,e25ea6f199104439a6aa63859dc1bf01,USGS-14105700,00060,00003,2026-01-01,138000,ft^3/s,Provisional,,2026-01-02 11:09:54.875006+00:00
9b86c539-80e7-45ec-a93e-de7e6fa0ff49,e25ea6f199104439a6aa63859dc1bf01,USGS-14105700,00060,00003,2025-12-31,137000,ft^3/s,Provisional,,2026-01-01 11:30:38.984964+00:00
c1955b1f-7f38-43e0-b4d2-68ff8f377ced,e25ea6f199104439a6aa63859dc1bf01,USGS-14105700,00060,00003,2025-12-30,130000,ft^3/s,Provisional,,2025-12-31 11:24:31.753965+00:00
3919c2f7-ab6d-4fad-8a31-10d2d2ec6492,e25ea6f199104439a6aa63859dc1bf01,USGS-14105700,00060,00003,2025-12-29,135000,ft^3/s,Provisional,,2025-12-30 11:14:11.493102+00:00
dc2a12d8-b850-4e7a-a1f9-24a1fc44c626,e25ea6f199104439a6aa63859dc1bf01,USGS-14105700,00060,00003,2025-12-28,128000,ft^3/s,Provisional,,2025-12-29 11:33:07.746326+00:00
842f2ca4-ec32-4b6f-adf4-5399e85859ea,e25ea6f199104439a6aa63859dc1bf01,USGS-14105700,00060,00003,2025-12-27,136000,ft^3/s,Provisional,,2025-12-28 11:12:16.396142+00:00
fd13a532-cc22-41bc-a38d-ef99d2e6b625,e25ea6f199104439a6aa63859dc1bf01,USGS-14105700,00060,00003,2025-12-26,139000,ft^3/s,Provisional,,2025-12-27 11:03:59.500629+00:00
a5eda544-087e-4939-9d17-51cb6303b897,e25ea6f199104439a6aa63859dc1bf01,USGS-14105700,00060,00003,2025-12-25,125000,ft^3/s,Provisional,,2025-12-26 11:12:56.349299+00:00
b51fcb75-e425-411b-ac30-2b3b40751e43,e25ea6f199104439a6aa63859dc1bf01,USGS-14105700,00060,00003,2025-12-24,127000,ft^3/s,Provisional,,2025-12-25 11:18:29.918418+00:00
9379e5fe-11e9-486e-a14b-8bb657f1e91e,e25ea6f199104439a6aa63859dc1bf01,USGS-14105700,00060,00003,2025-12-23,134000,ft^3/s,Provisional,,2025-12-24 11:30:47.078739+00:00
56b9f1e0-1e3b-4647-9831-cdcd4796711e,e25ea6f199104439a6aa63859dc1bf01,USGS-14105700,00060,00003,2025-12-22,137000,ft^3/s,Provisional,,2025-12-23 11:21:35.543107+00:00
ae170c4c-d37f-456d-b6f0-b36fbeb6e473,e25ea6f199104439a6aa63859dc1bf01,USGS-14105700,00060,00003,2025-12-21,155000,ft^3/s,Provisional,,2025-12-22 11:18:59.878814+00:00
c29a246e-180e-4297-a88a-63a42efea778,e25ea6f199104439a6aa63859dc1bf01,USGS-14105700,00060,00003,2025-12-20,203000,ft^3/s,Provisional,,2025-12-21 11:24:39.915740+00:00
c3405253-2c89-464a-a371-5989891bd8d0,e25ea6f199104439a6aa63859dc1bf01,USGS-14105700,00060,00003,2025-12-19,187000,ft^3/s,Provisional,,2025-12-20 11:27:48.646522+00:00
cf4db692-8f87-4c0e-8544-24c697231719,e25ea6f199104439a6aa63859dc1bf01,USGS-14105700,00060,00003,2025-12-18,192000,ft^3/s,Provisional,,2025-12-19 11:32:12.757932+00:00
7e2fab72-7ce8-43d1-b7d0-c94b64c9927e,e25ea6f199104439a6aa63859dc1bf01,USGS-14105700,00060,00003,2025-12-17,153000,ft^3/s,Provisional,,2025-12-18 11:12:47.398042+00:00
73bcddb5-2795-472c-be15-94b06cb94fb3,e25ea6f199104439a6aa63859dc1bf01,USGS-14105700,00060,00003,2025-12-16,117000,ft^3/s,Provisional,,2025-12-17 11:06:49.997612+00:00
3ad7ac62-4bff-4d4b-9cac-d41f41df5d82,e25ea6f199104439a6aa63859dc1bf01,USGS-14105700,00060,00003,2025-12-15,122000,ft^3/s,Provisional,,2025-12-17 11:06:49.997612+00:00
73af8c5d-4d18-4675-b178-3ad26569f554,e25ea6f199104439a6aa63859dc1bf01,USGS-14105700,00060,00003,2025-12-14,118000,ft^3/s,Provisional,,2025-12-15 11:04:45.724809+00:00
fe1d49e6-a33b-48f3-992e-776ef3a95168,e25ea6f199104439a6aa63859dc1bf01,USGS-14105700,00060,00003,2025-12-13,123000,ft^3/s,Provisional,,2025-12-14 11:17:35.397448+00:00
4ec9726b-82d2-4b4f-a7fe-996483772d1c,e25ea6f199104439a6aa63859dc1bf01,USGS-14105700,00060,00003,2025-12-12,125000,ft^3/s,Provisional,,2025-12-13 11:22:40.048106+00:00
40d95efb-3560-441b-a0c3-77e559badd7a,e25ea6f199104439a6aa63859dc1bf01,USGS-14105700,00060,00003,2025-12-11,131000,ft^3/s,Provisional,,2025-12-12 11:17:38.447429+00:00
bd05c8e0-8019-443e-80de-540a8c5eb4fa,e25ea6f199104439a6aa63859dc1bf01,USGS-14105700,00060,00003,2025-12-10,135000,ft^3/s,Provisional,,2025-12-11 11:36:44.410694+00:00
82cad17d-1424-43dd-8908-847c5bf8e733,e25ea6f199104439a6aa63859dc1bf01,USGS-14105700,00060,00003,2025-12-09,104000,ft^3/s,Provisional,,2025-12-10 11:15:12.121102+00:00
94dd42af-eee8-49b1-aa6a-b7250d6c3ba4,e25ea6f199104439a6aa63859dc1bf01,USGS-14105700,00060,00003,2025-12-08,117000,ft^3/s,Provisional,,2025-12-09 11:37:51.141226+00:00
d865a658-9bc6-45cd-867c-d002a6743ab5,e25ea6f199104439a6aa63859dc1bf01,USGS-14105700,00060,00003,2025-12-07,120000,ft^3/s,Provisional,,2025-12-08 11:24:05.551461+00:00
ad580238-54bf-48c9-a7ee-9a8fe04faee4,e25ea6f199104439a6aa63859dc1bf01,USGS-14105700,00060,00003,2025-12-06,117000,ft^3/s,Provisional,,2025-12-07 11:17:32.548178+00:00
0bde8db6-dc0b-4ff0-8095-76829578c3e9,e25ea6f199104439a6aa63859dc1bf01,USGS-14105700,00060,00003,2025-12-05,110000,ft^3/s,Provisional,,2025-12-06 11:25:27.350408+00:00
78db54d9-f17b-4e3d-b02b-f745ed39daee,e25ea6f199104439a6aa63859dc1bf01,USGS-14105700,00060,00003,2025-12-04,110000,ft^3/s,Provisional,,2025-12-05 11:20:07.005384+00:00
e9ffce96-e485-4024-a605-8e037032e5c8,e25ea6f199104439a6aa63859dc1bf01,USGS-14105700,00060,00003,2025-12-03,106000,ft^3/s,Provisional,,2025-12-04 11:34:56.458216+00:00
f27437b2-db26-4901-b281-f9276514ba75,e25ea6f199104439a6aa63859dc1bf01,USGS-14105700,00060,00003,2025-12-02,112000,ft^3/s,Provisional,,2025-12-03 11:43:41.335855+00:00
fc9143a4-6c41-4c89-825f-21b30c46d30e,e25ea6f199104439a6aa63859dc1bf01,USGS-14105700,00060,00003,2025-12-01,109000,ft^3/s,Provisional,,2025-12-02 11:48:03.325838+00:00
78fe4525-c9f2-4581-81a3-7f7b8e951941,e25ea6f199104439a6aa63859dc1bf01,USGS-14105700,00060,00003,2025-11-30,106000,ft^3/s,Provisional,,2025-12-01 11:29:57.864112+00:00
05a68b35-e62b-40d7-ba3e-796b9ae45677,e25ea6f199104439a6aa63859dc1bf01,USGS-14105700,00060,00003,2025-11-29,103000,ft^3/s,Provisional,,2025-11-30 11:16:41.518481+00:00
9cfabc78-66be-4192-93a5-3f67b89c67e4,e25ea6f199104439a6aa63859dc1bf01,USGS-14105700,00060,00003,2025-11-28,103000,ft^3/s,Provisional,,2025-11-29 11:17:28.967592+00:00
f072bf06-4010-499d-b6bc-790dc13762fe,e25ea6f199104439a6aa63859dc1bf01,USGS-14105700,00060,00003,2025-11-27,103000,ft^3/s,Provisional,,2025-11-28 11:22:43.168776+00:00
131fd5fb-c163-495c-8a7c-192dd48584c3,e25ea6f199104439a6aa63859dc1bf01,USGS-14105700,00060,00003,2025-11-26,102000,ft^3/s,Provisional,,2025-11-27 11:37:59.231048+00:00
83eaab99-f0cc-438d-b94d-9ac9ecd6c6fc,e25ea6f199104439a6aa63859dc1bf01,USGS-14105700,00060,00003,2025-11-25,112000,ft^3/s,Provisional,,2025-11-26 11:20:57.005749+00:00
8a09db0d-da2d-4ba8-9b58-13b339e05971,e25ea6f199104439a6aa63859dc1bf01,USGS-14105700,00060,00003,2025-11-24,114000,ft^3/s,Provisional,,2025-11-25 11:25:21.887641+00:00
3af392fe-2548-455e-b3cb-7bed8a5c2b88,e25ea6f199104439a6aa63859dc1bf01,USGS-14105700,00060,00003,2025-11-23,110000,ft^3/s,Provisional,,2025-11-24 12:40:23.850984+00:00
0ddb1993-eade-4dd5-b7aa-ac4796d7d91d,e25ea6f199104439a6aa63859dc1bf01,USGS-14105700,00060,00003,2025-11-22,114000,ft^3/s,Provisional,,2025-11-23 12:19:36.566109+00:00
373bb390-89bb-436f-9bf6-60fca6bfef82,e25ea6f199104439a6aa63859dc1bf01,USGS-14105700,00060,00003,2025-11-21,112000,ft^3/s,Provisional,,2025-11-22 12:37:34.434663+00:00
7bb5ceac-fdf8-4327-af08-86713cd5dc57,e25ea6f199104439a6aa63859dc1bf01,USGS-14105700,00060,00003,2025-11-20,116000,ft^3/s,Provisional,,2025-11-21 12:45:20.528355+00:00
fa24f6a5-1131-406e-a3a1-5a953bbe5b2a,e25ea6f199104439a6aa63859dc1bf01,USGS-14105700,00060,00003,2025-11-19,116000,ft^3/s,Provisional,,2025-11-20 12:52:14.497385+00:00
4bdb96c6-5a57-407d-bd98-43c0cffb1cec,e25ea6f199104439a6aa63859dc1bf01,USGS-14105700,00060,00003,2025-11-18,105000,ft^3/s,Provisional,,2026-03-03 00:28:16.793221+00:00
308507c7-7870-4d6c-8308-45dd3914df7d,e25ea6f199104439a6aa63859dc1bf01,USGS-14105700,00060,00003,2025-11-17,112000,ft^3/s,Provisional,,2026-03-03 00:28:16.793221+00:00
ba642e2a-d513-4c0e-9735-a44dfe99220d,e25ea6f199104439a6aa63859dc1bf01,USGS-14105700,00060,00003,2025-11-16,108000,ft^3/s,Provisional,,2026-03-03 00:28:16.793221+00:00
276f8f53-c9d2-4a5b-99a6-0e7bfed31671,e25ea6f199104439a6aa63859dc1bf01,USGS-14105700,00060,00003,2025-11-15,112000,ft^3/s,Provisional,,2026-03-03 00:28:16.793221+00:00
690e48b2-d870-49a3-ba31-cb74215772a3,e25ea6f199104439a6aa63859dc1bf01,USGS-14105700,00060,00003,2025-11-14,112000,ft^3/s,Provisional,,2026-03-03 00:28:16.793221+00:00
a8f1849f-409c-4478-801e-d4dece21b24a,e25ea6f199104439a6aa63859dc1bf01,USGS-14105700,00060,00003,2025-11-13,112000,ft^3/s,Provisional,,2026-03-03 00:28:16.793221+00:00
e93f9bfc-d9f4-4c3e-a59e-0b3cea8cc5f6,e25ea6f199104439a6aa63859dc1bf01,USGS-14105700,00060,00003,2025-11-12,109000,ft^3/s,Provisional,,2026-03-03 00:28:16.793221+00:00
d175fe27-f1c4-403b-a6cf-5f81941e0ba7,e25ea6f199104439a6aa63859dc1bf01,USGS-14105700,00060,00003,2025-11-11,107000,ft^3/s,Provisional,,2026-03-03 00:28:16.793221+00:00
3694722a-e217-4848-afa5-20a4732fc454,e25ea6f199104439a6aa63859dc1bf01,USGS-14105700,00060,00003,2025-11-10,107000,ft^3/s,Provisional,,2026-03-03 00:28:16.793221+00:00
f4a6451d-d13d-4209-876b-a4a6c0b4b776,e25ea6f199104439a6aa63859dc1bf01,USGS-14105700,00060,00003,2025-11-09,109000,ft^3/s,Provisional,,2026-03-03 00:28:16.793221+00:00
29843fd1-d765-4578-b683-41c6d8906f9f,e25ea6f199104439a6aa63859dc1bf01,USGS-14105700,00060,00003,2025-11-08,105000,ft^3/s,Provisional,,2026-03-03 00:28:16.793221+00:00
1771adff-e0dd-4073-bea8-7e225b31c373,e25ea6f199104439a6aa63859dc1bf01,USGS-14105700,00060,00003,2025-11-07,104000,ft^3/s,Provisional,,2026-03-03 00:28:16.793221+00:00
4d05f348-07fa-49a1-be3d-1a0788d9df65,e25ea6f199104439a6aa63859dc1bf01,USGS-14105700,00060,00003,2025-11-06,107000,ft^3/s,Provisional,,2026-03-03 00:28:16.793221+00:00
bff40598-7ac2-4cd6-8558-c432401b0a65,e25ea6f199104439a6aa63859dc1bf01,USGS-14105700,00060,00003,2025-11-05,109000,ft^3/s,Provisional,,2026-03-03 00:28:16.793221+00:00
1b0e0747-0398-401c-ad22-155b18b10f29,e25ea6f199104439a6aa63859dc1bf01,USGS-14105700,00060,00003,2025-11-04,113000,ft^3/s,Provisional,,2026-03-03 00:28:16.793221+00:00
5b64e99e-8f6f-4b79-b50b-f623b83053b6,e25ea6f199104439a6aa63859dc1bf01,USGS-14105700,00060,00003,2025-11-03,108000,ft^3/s,Provisional,,2026-03-03 00:28:16.793221+00:00
02cd9cfd-df1d-431f-96eb-76153f80ae51,e25ea6f199104439a6aa63859dc1bf01,USGS-14105700,00060,00003,2025-11-02,99900,ft^3/s,Provisional,,2026-03-03 00:28:16.793221+00:00
26b3fa45-1aae-403c-8a98-40ee88d0903f,e25ea6f199104439a6aa63859dc1bf01,USGS-14105700,00060,00003,2025-11-01,109000,ft^3/s,Provisional,,2026-03-03 00:28:16.793221+00:00
a74a0886-3535-4a24-8435-8ddea04d5354,e25ea6f199104439a6aa63859dc1bf01,USGS-14105700,00060,00003,2025-10-31,104000,ft^3/s,Provisional,,2026-03-03 00:28:16.793221+00:00
3e9363d3-d29b-47c3-8861-7e0e83f19f71,e25ea6f199104439a6aa63859dc1bf01,USGS-14105700,00060,00003,2025-10-30,105000,ft^3/s,Provisional,,2026-03-03 00:28:16.793221+00:00
59615a07-cb89-482c-af02-c4acdd4aeff9,e25ea6f199104439a6aa63859dc1bf01,USGS-14105700,00060,00003,2025-10-29,102000,ft^3/s,Provisional,,2026-03-03 00:28:16.793221+00:00
60f15255-89c9-4455-8890-96ce4d4f743e,e25ea6f199104439a6aa63859dc1bf01,USGS-14105700,00060,00003,2025-10-28,98200,ft^3/s,Provisional,,2026-03-03 00:28:16.793221+00:00
8989bbae-09ff-4d00-a430-36295fbf8765,e25ea6f199104439a6aa63859dc1bf01,USGS-14105700,00060,00003,2025-10-27,97000,ft^3/s,Provisional,,2026-03-03 00:28:16.793221+00:00
6cfc9042-04da-4d58-a90c-04879e5951d1,e25ea6f199104439a6aa63859dc1bf01,USGS-14105700,00060,00003,2025-10-26,97100,ft^3/s,Provisional,,2026-03-03 00:28:16.793221+00:00
9737db39-5eb6-4146-8deb-6429f16b092b,e25ea6f199104439a6aa63859dc1bf01,USGS-14105700,00060,00003,2025-10-25,99500,ft^3/s,Provisional,,2026-03-03 00:28:16.793221+00:00
2e34640b-388f-433f-a8c2-fe7f20be5974,e25ea6f199104439a6aa63859dc1bf01,USGS-14105700,00060,00003,2025-10-24,101000,ft^3/s,Provisional,,2026-03-03 00:28:16.793221+00:00
fce45e45-5eda-46cc-8cc5-b6648878663a,e25ea6f199104439a6aa63859dc1bf01,USGS-14105700,00060,00003,2025-10-23,102000,ft^3/s,Provisional,,2026-03-03 00:28:16.793221+00:00
54392344-ec4d-49fe-b79f-f9cf96f01944,e25ea6f199104439a6aa63859dc1bf01,USGS-14105700,00060,00003,2025-10-22,98900,ft^3/s,Provisional,,2026-03-03 00:28:16.793221+00:00
5bd17b10-4658-4f9a-acb8-5630d7e7e1e5,e25ea6f199104439a6aa63859dc1bf01,USGS-14105700,00060,00003,2025-10-21,97200,ft^3/s,Provisional,,2026-03-03 00:28:16.793221+00:00
69dc1b7b-a229-49ae-995d-d1157bbbb85b,e25ea6f199104439a6aa63859dc1bf01,USGS-14105700,00060,00003,2025-10-20,96100,ft^3/s,Provisional,,2026-03-03 00:28:16.793221+00:00
ed394745-52d0-4713-9fdb-f8c3ccb48f26,e25ea6f199104439a6aa63859dc1bf01,USGS-14105700,00060,00003,2025-10-19,98600,ft^3/s,Provisional,,2026-03-03 00:28:16.793221+00:00
f11b778a-a450-4a10-8a74-ca917134de3b,e25ea6f199104439a6aa63859dc1bf01,USGS-14105700,00060,00003,2025-10-18,95600,ft^3/s,Provisional,,2026-03-03 00:28:16.793221+00:00
60508ead-5336-4eb5-bc4c-651ddc5050e0,e25ea6f199104439a6aa63859dc1bf01,USGS-14105700,00060,00003,2025-10-17,104000,ft^3/s,Provisional,,2026-03-03 00:28:16.793221+00:00
7a7910a2-68d1-4f34-9630-1835b640ad31,e25ea6f199104439a6aa63859dc1bf01,USGS-14105700,00060,00003,2025-10-16,105000,ft^3/s,Provisional,,2026-03-03 00:28:16.793221+00:00
964a4999-f6c7-4e0b-824f-cfd64019001a,e25ea6f199104439a6aa63859dc1bf01,USGS-14105700,00060,00003,2025-10-15,106000,ft^3/s,Provisional,,2026-03-03 00:28:16.793221+00:00
272e499f-e646-4c8d-bdd4-60c1113307b2,e25ea6f199104439a6aa63859dc1bf01,USGS-14105700,00060,00003,2025-10-14,102000,ft^3/s,Provisional,,2026-03-03 00:28:16.793221+00:00
d54de547-5b5b-4023-a254-41fb61334b16,e25ea6f199104439a6aa63859dc1bf01,USGS-14105700,00060,00003,2025-10-13,101000,ft^3/s,Provisional,,2026-03-03 00:28:16.793221+00:00
3e07e1a7-62a5-407d-926e-a9accfa50472,e25ea6f199104439a6aa63859dc1bf01,USGS-14105700,00060,00003,2025-10-12,93200,ft^3/s,Provisional,,2026-03-03 00:28:16.793221+00:00
9b6412f7-8cea-4600-a7c8-40278a29e6d7,e25ea6f199104439a6aa63859dc1bf01,USGS-14105700,00060,00003,2025-10-11,95100,ft^3/s,Provisional,,2026-03-03 00:28:16.793221+00:00
243b4993-51b2-4e75-8f35-6beecc2d5e25,e25ea6f199104439a6aa63859dc1bf01,USGS-14105700,00060,00003,2025-10-10,102000,ft^3/s,Provisional,,2026-03-03 00:28:16.793221+00:00
339b5306-2f48-4916-b2a8-fc77340ed4aa,e25ea6f199104439a6aa63859dc1bf01,USGS-14105700,00060,00003,2025-10-09,98700,ft^3/s,Provisional,,2026-03-03 00:28:16.793221+00:00
29b12e2a-d876-4751-be5f-f20ba7111d3a,e25ea6f199104439a6aa63859dc1bf01,USGS-14105700,00060,00003,2025-10-08,101000,ft^3/s,Provisional,,2026-03-03 00:28:16.793221+00:00
8574bff6-38b0-45b6-b506-6fd58e2ed1f6,e25ea6f199104439a6aa63859dc1bf01,USGS-14105700,00060,00003,2025-10-07,101000,ft^3/s,Provisional,,2026-03-03 00:28:16.793221+00:00
e75eae18-5f72-4dc0-bc15-9a9cd07ece1c,e25ea6f199104439a6aa63859dc1bf01,USGS-14105700,00060,00003,2025-10-06,98700,ft^3/s,Provisional,,2026-03-03 00:28:16.793221+00:00
6734a9e3-214f-4211-b835-917cde22660e,e25ea6f199104439a6aa63859dc1bf01,USGS-14105700,00060,00003,2025-10-05,98800,ft^3/s,Provisional,,2026-03-03 00:28:16.793221+00:00
ae563ec8-80d0-45e7-9265-466224a9a31f,e25ea6f199104439a6aa63859dc1bf01,USGS-14105700,00060,00003,2025-10-04,93600,ft^3/s,Provisional,,2026-03-03 00:28:16.793221+00:00
21cf913a-8473-4c62-959b-0fad8fb9aa8c,e25ea6f199104439a6aa63859dc1bf01,USGS-14105700,00060,00003,2025-10-03,95200,ft^3/s,Provisional,,2026-03-03 00:28:16.793221+00:00
32bfd359-bff6-405f-b6a3-76c51f218cb4,e25ea6f199104439a6aa63859dc1bf01,USGS-14105700,00060,00003,2025-10-02,95300,ft^3/s,Provisional,,2026-03-03 00:28:16.793221+00:00
ed09ff7b-5f04-4af2-b63b-647291d4d081,e25ea6f199104439a6aa63859dc1bf01,USGS-14105700,00060,00003,2025-10-01,94100,ft^3/s,Provisional,,2026-03-03 00:28:16.793221+00:00
34ea2063-4f07-4bc2-9ccc-9bdbcefbe9c9,e25ea6f199104439a6aa63859dc1bf01,USGS-14105700,00060,00003,2025-09-30,92700,ft^3/s,Provisional,,2026-03-03 00:28:16.793221+00:00
1d19dabe-5f71-4644-bf81-df2ac63f484d,e25ea6f199104439a6aa63859dc1bf01,USGS-14105700,00060,00003,2025-09-29,93300,ft^3/s,Provisional,,2026-03-03 00:28:16.793221+00:00
1edc42e0-64cf-4222-a235-40fb72749f44,e25ea6f199104439a6aa63859dc1bf01,USGS-14105700,00060,00003,2025-09-28,93500,ft^3/s,Provisional,,2026-03-03 00:28:16.793221+00:00
38a9bf25-57f9-458e-805f-df75b4edaf4b,e25ea6f199104439a6aa63859dc1bf01,USGS-14105700,00060,00003,2025-09-27,91900,ft^3/s,Provisional,,2026-03-03 00:28:16.793221+00:00
d6dec80d-c0f6-48d3-bf29-166866421c7f,e25ea6f199104439a6aa63859dc1bf01,USGS-14105700,00060,00003,2025-09-26,91900,ft^3/s,Provisional,,2026-03-03 00:28:16.793221+00:00
16b8ca3c-4b92-477a-b692-03802edc1657,e25ea6f199104439a6aa63859dc1bf01,USGS-14105700,00060,00003,2025-09-25,96900,ft^3/s,Provisional,,2026-03-03 00:28:16.793221+00:00
49b23f74-42a5-4e54-b750-d71c32e8d846,e25ea6f199104439a6aa63859dc1bf01,USGS-14105700,00060,00003,2025-09-24,94100,ft^3/s,Provisional,,2026-03-03 00:28:16.793221+00:00
d113adbc-47ce-4996-8ed8-5725b059b971,e25ea6f199104439a6aa63859dc1bf01,USGS-14105700,00060,00003,2025-09-23,95500,ft^3/s,Provisional,,2026-03-03 00:28:16.793221+00:00
7ff4c0ca-1529-48d1-b27d-a7302025e8b0,e25ea6f199104439a6aa63859dc1bf01,USGS-14105700,00060,00003,2025-09-22,93200,ft^3/s,Provisional,,2026-03-03 00:28:16.793221+00:00
f1cc63ec-30fa-42c4-bac8-271ce0407551,e25ea6f199104439a6aa63859dc1bf01,USGS-14105700,00060,00003,2025-09-21,96000,ft^3/s,Provisional,,2026-03-03 00:28:16.793221+00:00
a39acaa8-e8b7-476d-87ff-86ba5b0a17d5,e25ea6f199104439a6aa63859dc1bf01,USGS-14105700,00060,00003,2025-09-20,100000,ft^3/s,Provisional,,2026-03-03 00:28:16.793221+00:00
54bc3ac4-6450-447b-af3b-f2391c2ef34f,e25ea6f199104439a6aa63859dc1bf01,USGS-14105700,00060,00003,2025-09-19,98400,ft^3/s,Provisional,,2026-03-03 00:28:16.793221+00:00
13ac1f09-c966-4187-9d5b-dc943c3ab76c,e25ea6f199104439a6aa63859dc1bf01,USGS-14105700,00060,00003,2025-09-18,102000,ft^3/s,Provisional,,2026-03-03 00:28:16.793221+00:00
0c1d76e7-6265-443a-9340-a417cef4d1ab,e25ea6f199104439a6aa63859dc1bf01,USGS-14105700,00060,00003,2025-09-17,105000,ft^3/s,Provisional,,2026-03-03 00:28:16.793221+00:00
cc7cf2fd-fa5b-4161-916e-a5da8d18ef13,e25ea6f199104439a6aa63859dc1bf01,USGS-14105700,00060,00003,2025-09-16,95100,ft^3/s,Provisional,,2026-03-03 00:28:16.793221+00:00
b23e1828-f38b-4e3a-a695-d30b068185fd,e25ea6f199104439a6aa63859dc1bf01,USGS-14105700,00060,00003,2025-09-15,92700,ft^3/s,Provisional,,2026-03-03 00:28:16.793221+00:00
00593324-ed29-4ff9-89d7-402de757ae80,e25ea6f199104439a6aa63859dc1bf01,USGS-14105700,00060,00003,2025-09-14,93900,ft^3/s,Provisional,,2026-03-03 00:28:16.793221+00:00
f572305e-4a9c-44e5-86f8-d1216f6f57c8,e25ea6f199104439a6aa63859dc1bf01,USGS-14105700,00060,00003,2025-09-13,94700,ft^3/s,Provisional,,2026-03-03 00:28:16.793221+00:00
a7d63c39-3674-4a7a-b9b2-711de1e5e04d,e25ea6f199104439a6aa63859dc1bf01,USGS-14105700,00060,00003,2025-09-12,95300,ft^3/s,Provisional,,2026-03-03 00:28:16.793221+00:00
dc993678-b540-4032-8ebe-db39608c90e7,e25ea6f199104439a6aa63859dc1bf01,USGS-14105700,00060,00003,2025-09-11,98200,ft^3/s,Provisional,,2026-03-03 00:28:16.793221+00:00
5f9b6f72-b35b-45dd-bab3-c0189a978178,e25ea6f199104439a6aa63859dc1bf01,USGS-14105700,00060,00003,2025-09-10,98100,ft^3/s,Provisional,,2026-03-03 00:28:16.793221+00:00
9060f815-27e6-4fb3-936f-0f26d0c11e22,e25ea6f199104439a6aa63859dc1bf01,USGS-14105700,00060,00003,2025-09-09,95000,ft^3/s,Provisional,,2026-03-03 00:28:16.793221+00:00
ced93a28-89ec-4df1-ab41-f8295fe6a156,e25ea6f199104439a6aa63859dc1bf01,USGS-14105700,00060,00003,2025-09-08,96300,ft^3/s,Provisional,,2026-03-03 00:28:16.793221+00:00
31d3f992-c66b-4e9e-9ed3-248ec497f4ed,e25ea6f199104439a6aa63859dc1bf01,USGS-14105700,00060,00003,2025-09-07,94400,ft^3/s,Provisional,,2026-03-03 00:28:16.793221+00:00
10fc98c6-0adc-48fe-8ca6-bbf27c43772f,e25ea6f199104439a6aa63859dc1bf01,USGS-14105700,00060,00003,2025-09-06,98500,ft^3/s,Provisional,,2026-03-03 00:28:16.793221+00:00
9a3bb9b1-8b92-4890-b6ad-a694957215ba,e25ea6f199104439a6aa63859dc1bf01,USGS-14105700,00060,00003,2025-09-05,97600,ft^3/s,Provisional,,2026-03-03 00:28:16.793221+00:00
55dce2d2-175d-4a66-af62-451d6513b4f1,e25ea6f199104439a6aa63859dc1bf01,USGS-14105700,00060,00003,2025-09-04,99900,ft^3/s,Provisional,,2026-03-03 00:28:16.793221+00:00
9664ce12-a409-40dd-a8c6-5787130899cc,e25ea6f199104439a6aa63859dc1bf01,USGS-14105700,00060,00003,2025-09-03,103000,ft^3/s,Provisional,,2026-03-03 00:28:16.793221+00:00
f6406dc5-1931-4063-b717-f4d02a4e5df5,e25ea6f199104439a6aa63859dc1bf01,USGS-14105700,00060,00003,2025-09-02,112000,ft^3/s,Provisional,,2026-03-03 00:28:16.793221+00:00
c60e7d95-2c52-4fa8-a083-79a39692e3f2,e25ea6f199104439a6aa63859dc1bf01,USGS-14105700,00060,00003,2025-09-01,103000,ft^3/s,Provisional,,2026-03-03 00:28:16.793221+00:00
08e99a6d-67b7-4fb8-be2a-4987aa4f95d6,e25ea6f199104439a6aa63859dc1bf01,USGS-14105700,00060,00003,2025-08-31,106000,ft^3/s,Provisional,,2026-03-03 00:28:16.793221+00:00
331e5523-fd67-483f-882c-5d8b09aa87ae,e25ea6f199104439a6aa63859dc1bf01,USGS-14105700,00060,00003,2025-08-30,104000,ft^3/s,Provisional,,2026-03-03 00:28:16.793221+00:00
be5337bd-f3ea-4527-ab42-5671e5a8ec70,e25ea6f199104439a6aa63859dc1bf01,USGS-14105700,00060,00003,2025-08-29,117000,ft^3/s,Provisional,,2026-03-03 00:28:16.793221+00:00
a70f434a-4b6f-4b9a-95de-acd092c15937,e25ea6f199104439a6aa63859dc1bf01,USGS-14105700,00060,00003,2025-08-28,121000,ft^3/s,Provisional,,2026-03-03 00:28:16.793221+00:00
a1305853-c1ea-4fc7-9088-e59532f238cb,e25ea6f199104439a6aa63859dc1bf01,USGS-14105700,00060,00003,2025-08-27,115000,ft^3/s,Provisional,,2026-03-03 00:28:16.793221+00:00
8aba17b0-7905-4fa9-9007-9c567dc2d268,e25ea6f199104439a6aa63859dc1bf01,USGS-14105700,00060,00003,2025-08-26,125000,ft^3/s,Provisional,,2026-03-03 00:28:16.793221+00:00
8108677a-3bb2-4580-988b-1c4a5204a985,e25ea6f199104439a6aa63859dc1bf01,USGS-14105700,00060,00003,2025-08-25,106000,ft^3/s,Provisional,,2026-03-03 00:28:16.793221+00:00
1d9531b2-cb03-430e-a7ed-31812171a886,e25ea6f199104439a6aa63859dc1bf01,USGS-14105700,00060,00003,2025-08-24,108000,ft^3/s,Provisional,,2026-03-03 00:28:16.793221+00:00
9bacc1d8-cdbc-4873-b6ae-8e3bc2528087,e25ea6f199104439a6aa63859dc1bf01,USGS-14105700,00060,00003,2025-08-23,122000,ft^3/s,Provisional,,2026-03-03 00:28:16.793221+00:00
c655f0d2-12ea-435c-bbf1-9ed4cbb67cfa,e25ea6f199104439a6aa63859dc1bf01,USGS-14105700,00060,00003,2025-08-22,119000,ft^3/s,Provisional,,2026-03-03 00:28:16.793221+00:00
afdb7c82-dda5-4e62-adb2-bbc5015a3488,e25ea6f199104439a6aa63859dc1bf01,USGS-14105700,00060,00003,2025-08-21,117000,ft^3/s,Provisional,,2026-03-03 00:28:16.793221+00:00
131262bd-daf2-48a8-8cef-000c516d688c,e25ea6f199104439a6aa63859dc1bf01,USGS-14105700,00060,00003,2025-08-20,115000,ft^3/s,Provisional,,2026-03-03 00:28:16.793221+00:00
f3fa195e-3a9e-4b0a-b44a-6e1b30b37982,e25ea6f199104439a6aa63859dc1bf01,USGS-14105700,00060,00003,2025-08-19,125000,ft^3/s,Provisional,,2026-03-03 00:28:16.793221+00:00
5e418d67-87a1-482a-a338-cef40cf8d80a,e25ea6f199104439a6aa63859dc1bf01,USGS-14105700,00060,00003,2025-08-18,122000,ft^3/s,Provisional,,2026-03-03 00:28:16.793221+00:00
2f8f6ade-29f7-46b1-af91-481057c6bea6,e25ea6f199104439a6aa63859dc1bf01,USGS-14105700,00060,00003,2025-08-17,109000,ft^3/s,Provisional,,2026-03-03 00:28:16.793221+00:00
9c08e53d-bfac-4328-bab4-f14fd74d347a,e25ea6f199104439a6aa63859dc1bf01,USGS-14105700,00060,00003,2025-08-16,119000,ft^3/s,Provisional,,2026-03-03 00:28:16.793221+00:00
224ab9cf-54a6-4978-ba2e-0054faa1aa36,e25ea6f199104439a6aa63859dc1bf01,USGS-14105700,00060,00003,2025-08-15,110000,ft^3/s,Provisional,,2026-03-03 00:28:16.793221+00:00
a91f4e61-0601-4a6d-b9d6-d90669a05c0e,e25ea6f199104439a6aa63859dc1bf01,USGS-14105700,00060,00003,2025-08-14,123000,ft^3/s,Provisional,,2026-03-03 00:28:16.793221+00:00
bcd5fb0a-0244-4735-a897-1dcdedd18aa8,e25ea6f199104439a6aa63859dc1bf01,USGS-14105700,00060,00003,2025-08-13,135000,ft^3/s,Provisional,,2026-03-03 00:28:16.793221+00:00
3fc1409b-b2d6-4d9e-bfd9-904b3c6b5c73,e25ea6f199104439a6aa63859dc1bf01,USGS-14105700,00060,00003,2025-08-12,129000,ft^3/s,Provisional,,2026-03-03 00:28:16.793221+00:00
ce841e09-3c54-4cd7-8579-fcddcfcd2fe2,e25ea6f199104439a6aa63859dc1bf01,USGS-14105700,00060,00003,2025-08-11,134000,ft^3/s,Provisional,,2026-03-03 00:28:16.793221+00:00
2b698a50-3b32-49cf-8987-55e7ca45e953,e25ea6f199104439a6aa63859dc1bf01,USGS-14105700,00060,00003,2025-08-10,124000,ft^3/s,Provisional,,2026-03-03 00:28:16.793221+00:00
e461f192-757d-4fa1-9afd-a0a0364e8de5,e25ea6f199104439a6aa63859dc1bf01,USGS-14105700,00060,00003,2025-08-09,123000,ft^3/s,Provisional,,2026-03-03 00:28:16.793221+00:00
9310d795-fb93-40c5-bf44-b0c6086640aa,e25ea6f199104439a6aa63859dc1bf01,USGS-14105700,00060,00003,2025-08-08,124000,ft^3/s,Provisional,,2026-03-03 00:28:16.793221+00:00
1dbb99d7-eccd-4880-9164-eb8f6b555854,e25ea6f199104439a6aa63859dc1bf01,USGS-14105700,00060,00003,2025-08-07,129000,ft^3/s,Provisional,,2026-03-03 00:28:16.793221+00:00
0960ae7a-7aac-4e36-8221-055f97d02628,e25ea6f199104439a6aa63859dc1bf01,USGS-14105700,00060,00003,2025-08-06,117000,ft^3/s,Provisional,,2026-03-03 00:28:16.793221+00:00
df031545-f727-4429-a0f1-24868af64e57,e25ea6f199104439a6aa63859dc1bf01,USGS-14105700,00060,00003,2025-08-05,116000,ft^3/s,Provisional,,2026-03-03 00:28:16.793221+00:00
b111bd13-7ab3-4644-8a80-0da2cece8e34,e25ea6f199104439a6aa63859dc1bf01,USGS-14105700,00060,00003,2025-08-04,116000,ft^3/s,Provisional,,2026-03-03 00:28:16.793221+00:00
9b1b605d-2632-43e1-a7c1-ebb5a256ea02,e25ea6f199104439a6aa63859dc1bf01,USGS-14105700,00060,00003,2025-08-03,119000,ft^3/s,Provisional,,2026-03-03 00:28:16.793221+00:00
9cdf3245-e09c-41a4-b4e7-44fa65db820c,e25ea6f199104439a6aa63859dc1bf01,USGS-14105700,00060,00003,2025-08-02,122000,ft^3/s,Provisional,,2026-03-03 00:28:16.793221+00:00
ac349fe3-0fea-4432-8878-6a58257ef2ee,e25ea6f199104439a6aa63859dc1bf01,USGS-14105700,00060,00003,2025-08-01,115000,ft^3/s,Provisional,,2026-03-03 00:28:16.793221+00:00
8141f6ed-e18a-49aa-84b1-344e5f4590cb,e25ea6f199104439a6aa63859dc1bf01,USGS-14105700,00060,00003,2025-07-31,120000,ft^3/s,Provisional,,2026-03-03 00:28:16.793221+00:00
88f5e3f9-ea70-4d84-9c02-fc673ef6ba39,e25ea6f199104439a6aa63859dc1bf01,USGS-14105700,00060,00003,2025-07-30,123000,ft^3/s,Provisional,,2026-03-03 00:28:16.793221+00:00
52701aa2-1eff-493d-8167-860421f45c9b,e25ea6f199104439a6aa63859dc1bf01,USGS-14105700,00060,00003,2025-07-29,118000,ft^3/s,Provisional,,2026-03-03 00:28:16.793221+00:00
c5fc768f-0c07-4cb9-b8a7-0b35a04cfc6a,e25ea6f199104439a6aa63859dc1bf01,USGS-14105700,00060,00003,2025-07-28,111000,ft^3/s,Provisional,,2026-03-03 00:28:16.793221+00:00
6c91f33b-f15a-445b-ab9b-9e46f3efdceb,e25ea6f199104439a6aa63859dc1bf01,USGS-14105700,00060,00003,2025-07-27,120000,ft^3/s,Provisional,,2026-03-03 00:28:16.793221+00:00
a409be28-555e-4937-a3a1-a40d6fd5afdf,e25ea6f199104439a6aa63859dc1bf01,USGS-14105700,00060,00003,2025-07-26,129000,ft^3/s,Provisional,,2026-03-03 00:28:16.793221+00:00
e65939c6-31d0-44f9-ba4a-21b74a9414a2,e25ea6f199104439a6aa63859dc1bf01,USGS-14105700,00060,00003,2025-07-25,126000,ft^3/s,Provisional,,2026-03-03 00:28:16.793221+00:00
d21ca63e-b6f4-43ea-b6d5-836aee0218a2,e25ea6f199104439a6aa63859dc1bf01,USGS-14105700,00060,00003,2025-07-24,118000,ft^3/s,Provisional,,2026-03-03 00:28:16.793221+00:00
bc6dc472-034b-457e-a180-085e3271eea1,e25ea6f199104439a6aa63859dc1bf01,USGS-14105700,00060,00003,2025-07-23,127000,ft^3/s,Provisional,,2026-03-03 00:28:16.793221+00:00
71739942-1834-476a-8282-0f837fd00c5c,e25ea6f199104439a6aa63859dc1bf01,USGS-14105700,00060,00003,2025-07-22,122000,ft^3/s,Provisional,,2026-03-03 00:28:16.793221+00:00
c311e847-a2b2-40f2-a841-613423ea9572,e25ea6f199104439a6aa63859dc1bf01,USGS-14105700,00060,00003,2025-07-21,121000,ft^3/s,Provisional,,2026-03-03 00:28:16.793221+00:00
65e5554e-5533-4dbc-bd75-11ee76a8f966,e25ea6f199104439a6aa63859dc1bf01,USGS-14105700,00060,00003,2025-07-20,121000,ft^3/s,Provisional,,2026-03-03 00:28:16.793221+00:00
ec596cfa-c5bf-47df-b84f-fd192dbce794,e25ea6f199104439a6aa63859dc1bf01,USGS-14105700,00060,00003,2025-07-19,130000,ft^3/s,Provisional,,2026-03-03 00:28:16.793221+00:00
286082d3-1258-4a0f-b622-ec3c113a368d,e25ea6f199104439a6aa63859dc1bf01,USGS-14105700,00060,00003,2025-07-18,137000,ft^3/s,Provisional,,2026-03-03 00:28:16.793221+00:00
06a2e3e9-a225-4dfa-8f10-80a7335dc3bd,e25ea6f199104439a6aa63859dc1bf01,USGS-14105700,00060,00003,2025-07-17,155000,ft^3/s,Provisional,,2026-03-03 00:28:16.793221+00:00
4ee28a8d-99b1-4d2e-a61d-96c5758674a9,e25ea6f199104439a6aa63859dc1bf01,USGS-14105700,00060,00003,2025-07-16,129000,ft^3/s,Provisional,,2026-03-03 00:28:16.793221+00:00
d868a321-f1d9-4514-aa84-e27b1f3fa456,e25ea6f199104439a6aa63859dc1bf01,USGS-14105700,00060,00003,2025-07-15,114000,ft^3/s,Provisional,,2026-03-03 00:28:16.793221+00:00
dbfcefd2-358a-4fba-a79a-8a1c6641877f,e25ea6f199104439a6aa63859dc1bf01,USGS-14105700,00060,00003,2025-07-14,128000,ft^3/s,Provisional,,2026-03-03 00:28:16.793221+00:00
cf3503e4-8488-4c38-93f8-b5c132cbeb2c,e25ea6f199104439a6aa63859dc1bf01,USGS-14105700,00060,00003,2025-07-13,115000,ft^3/s,Provisional,,2026-03-03 00:28:16.793221+00:00
7c5ae38e-bc3e-47f1-ab2d-c6c36ab231ff,e25ea6f199104439a6aa63859dc1bf01,USGS-14105700,00060,00003,2025-07-12,112000,ft^3/s,Provisional,,2026-03-03 00:28:16.793221+00:00
3a07437f-ee31-486c-8176-fb1197af4a54,e25ea6f199104439a6aa63859dc1bf01,USGS-14105700,00060,00003,2025-07-11,105000,ft^3/s,Provisional,,2026-03-03 00:28:16.793221+00:00
b0855269-0fde-4378-9eaa-f0a307283eea,e25ea6f199104439a6aa63859dc1bf01,USGS-14105700,00060,00003,2025-07-10,113000,ft^3/s,Provisional,,2026-03-03 00:28:16.793221+00:00
697cd44f-e385-45b3-8a1a-ca27b01d1c58,e25ea6f199104439a6aa63859dc1bf01,USGS-14105700,00060,00003,2025-07-09,125000,ft^3/s,Provisional,,2026-03-03 00:28:16.793221+00:00
f05f4077-c00c-4b0f-9940-ce410474fcba,e25ea6f199104439a6aa63859dc1bf01,USGS-14105700,00060,00003,2025-07-08,135000,ft^3/s,Provisional,,2026-03-03 00:28:16.793221+00:00
ca176d18-301f-4f0c-abe9-6aa075e20edc,e25ea6f199104439a6aa63859dc1bf01,USGS-14105700,00060,00003,2025-07-07,118000,ft^3/s,Provisional,,2026-03-03 00:28:16.793221+00:00
fd6b4806-b59d-4b57-8faa-f90ed3e8c7fe,e25ea6f199104439a6aa63859dc1bf01,USGS-14105700,00060,00003,2025-07-06,127000,ft^3/s,Provisional,,2026-03-03 00:28:16.793221+00:00
9fb44d8b-5068-43d2-8dec-8f580feca8fd,e25ea6f199104439a6aa63859dc1bf01,USGS-14105700,00060,00003,2025-07-05,128000,ft^3/s,Provisional,,2026-03-03 00:28:16.793221+00:00
690e717e-8c77-4368-b4b2-c7dafbe1b94e,e25ea6f199104439a6aa63859dc1bf01,USGS-14105700,00060,00003,2025-07-04,123000,ft^3/s,Provisional,,2026-03-03 00:28:16.793221+00:00
09ebb674-efb6-4482-a2dd-848fc306a4d1,e25ea6f199104439a6aa63859dc1bf01,USGS-14105700,00060,00003,2025-07-03,135000,ft^3/s,Provisional,,2026-03-03 00:28:16.793221+00:00
bd80835e-31c2-4fa0-b732-d142b9305590,e25ea6f199104439a6aa63859dc1bf01,USGS-14105700,00060,00003,2025-07-02,171000,ft^3/s,Provisional,,2026-03-03 00:28:16.793221+00:00
dd2c7b54-a594-40c5-ab28-50df3421d86e,e25ea6f199104439a6aa63859dc1bf01,USGS-14105700,00060,00003,2025-07-01,135000,ft^3/s,Provisional,,2026-03-03 00:28:16.793221+00:00
ecadff07-144b-4b73-b691-4170154fa2d2,e25ea6f199104439a6aa63859dc1bf01,USGS-14105700,00060,00003,2025-06-30,129000,ft^3/s,Provisional,,2026-03-03 00:28:16.793221+00:00
8b3ae00b-f881-477b-97e5-2b9cb9f48397,e25ea6f199104439a6aa63859dc1bf01,USGS-14105700,00060,00003,2025-06-29,123000,ft^3/s,Provisional,,2026-03-03 00:28:16.793221+00:00
559d02e0-55b0-4416-98af-e7145bd5a7b6,e25ea6f199104439a6aa63859dc1bf01,USGS-14105700,00060,00003,2025-06-28,131000,ft^3/s,Provisional,,2026-03-03 00:28:16.793221+00:00
3513b630-f81a-490c-bb75-452f03ba432a,e25ea6f199104439a6aa63859dc1bf01,USGS-14105700,00060,00003,2025-06-27,165000,ft^3/s,Provisional,,2026-03-03 00:28:16.793221+00:00
6ea41e2f-356f-4a9f-a776-772f6fb9d50b,e25ea6f199104439a6aa63859dc1bf01,USGS-14105700,00060,00003,2025-06-26,140000,ft^3/s,Provisional,,2026-03-03 00:28:16.793221+00:00
85df0cad-0b41-4a41-80cf-74b19e6e47a3,e25ea6f199104439a6aa63859dc1bf01,USGS-14105700,00060,00003,2025-06-25,143000,ft^3/s,Provisional,,2026-03-03 00:28:16.793221+00:00
9a77dc11-137d-436a-a248-448f35956d62,e25ea6f199104439a6aa63859dc1bf01,USGS-14105700,00060,00003,2025-06-24,134000,ft^3/s,Provisional,,2026-03-03 00:28:16.793221+00:00
c025405f-1b32-40b2-9c35-d9a2beff4630,e25ea6f199104439a6aa63859dc1bf01,USGS-14105700,00060,00003,2025-06-23,132000,ft^3/s,Provisional,,2026-03-03 00:28:16.793221+00:00
c9b208d1-981a-4173-b3e5-2badd9c65735,e25ea6f199104439a6aa63859dc1bf01,USGS-14105700,00060,00003,2025-06-22,136000,ft^3/s,Provisional,,2026-03-03 00:28:16.793221+00:00
2d9d4bbc-4bb2-4a94-8a32-d88dccac335b,e25ea6f199104439a6aa63859dc1bf01,USGS-14105700,00060,00003,2025-06-21,129000,ft^3/s,Provisional,,2026-03-03 00:28:16.793221+00:00
4efd31bf-4071-41c5-8e46-5c5399a2a2ff,e25ea6f199104439a6aa63859dc1bf01,USGS-14105700,00060,00003,2025-06-20,149000,ft^3/s,Provisional,,2026-03-03 00:28:16.793221+00:00
aafd4254-c2c1-4db7-a7c0-376f095396bb,e25ea6f199104439a6aa63859dc1bf01,USGS-14105700,00060,00003,2025-06-19,148000,ft^3/s,Provisional,,2026-03-03 00:28:16.793221+00:00
98dd4ac3-cb40-4d6d-8744-58c24ac4c73d,e25ea6f199104439a6aa63859dc1bf01,USGS-14105700,00060,00003,2025-06-18,153000,ft^3/s,Provisional,,2026-03-03 00:28:16.793221+00:00
acb5b58b-8603-4033-a71f-7b86249c429e,e25ea6f199104439a6aa63859dc1bf01,USGS-14105700,00060,00003,2025-06-17,146000,ft^3/s,Provisional,,2026-03-03 00:28:16.793221+00:00
6e50609a-1428-4a48-8af4-8f13b2981971,e25ea6f199104439a6aa63859dc1bf01,USGS-14105700,00060,00003,2025-06-16,175000,ft^3/s,Provisional,,2026-03-03 00:28:16.793221+00:00
fd1d8245-3d1a-48b7-8d40-d915c9ae0734,e25ea6f199104439a6aa63859dc1bf01,USGS-14105700,00060,00003,2025-06-15,153000,ft^3/s,Provisional,,2026-03-03 00:28:16.793221+00:00
89cb15c1-9cbb-4dcc-99b6-a042c65809bb,e25ea6f199104439a6aa63859dc1bf01,USGS-14105700,00060,00003,2025-06-14,170000,ft^3/s,Provisional,,2026-03-03 00:28:16.793221+00:00
37688c13-383b-4208-8da2-8c08009a8119,e25ea6f199104439a6aa63859dc1bf01,USGS-14105700,00060,00003,2025-06-13,165000,ft^3/s,Provisional,,2026-03-03 00:28:16.793221+00:00
0c21f04a-3536-4b22-9291-65a9962e95e0,e25ea6f199104439a6aa63859dc1bf01,USGS-14105700,00060,00003,2025-06-12,179000,ft^3/s,Provisional,,2026-03-03 00:28:16.793221+00:00
ef233fc7-ddb0-46d0-bcb9-17d254dbd797,e25ea6f199104439a6aa63859dc1bf01,USGS-14105700,00060,00003,2025-06-11,195000,ft^3/s,Provisional,,2026-03-03 00:28:16.793221+00:00
8d4f8ce9-aad8-4df5-9b3c-532783d47102,e25ea6f199104439a6aa63859dc1bf01,USGS-14105700,00060,00003,2025-06-10,160000,ft^3/s,Provisional,,2026-03-03 00:28:16.793221+00:00
985cd4c6-38cf-4a74-8d83-70a4cedf2587,e25ea6f199104439a6aa63859dc1bf01,USGS-14105700,00060,00003,2025-06-09,176000,ft^3/s,Provisional,,2026-03-03 00:28:16.793221+00:00
447b63ad-25c1-4a84-96dc-d81b6eec67ce,e25ea6f199104439a6aa63859dc1bf01,USGS-14105700,00060,00003,2025-06-08,169000,ft^3/s,Provisional,,2026-03-03 00:28:16.793221+00:00
e42e3444-731f-47e8-80ea-51551adfa5bd,e25ea6f199104439a6aa63859dc1bf01,USGS-14105700,00060,00003,2025-06-07,176000,ft^3/s,Provisional,,2026-03-03 00:28:16.793221+00:00
ecca839d-b1c7-41bd-a243-7822a8a69535,e25ea6f199104439a6aa63859dc1bf01,USGS-14105700,00060,00003,2025-06-06,194000,ft^3/s,Provisional,,2026-03-03 00:28:16.793221+00:00
d81370a7-8f7a-4bdb-b728-fc6e215eb885,e25ea6f199104439a6aa63859dc1bf01,USGS-14105700,00060,00003,2025-06-05,191000,ft^3/s,Provisional,,2026-03-03 00:28:16.793221+00:00
2977db3a-3553-4149-93b3-d9f36cb0c42c,e25ea6f199104439a6aa63859dc1bf01,USGS-14105700,00060,00003,2025-06-04,255000,ft^3/s,Provisional,,2026-03-03 00:28:16.793221+00:00
50c9adb6-ed25-4474-99fc-81c3bf255f76,e25ea6f199104439a6aa63859dc1bf01,USGS-14105700,00060,00003,2025-06-03,232000,ft^3/s,Provisional,,2026-03-03 00:28:16.793221+00:00
1288dcbd-28df-4e11-a4d0-0f63ecc56091,e25ea6f199104439a6aa63859dc1bf01,USGS-14105700,00060,00003,2025-06-02,233000,ft^3/s,Provisional,,2026-03-03 00:28:16.793221+00:00
e230f7b0-30a3-458a-8659-67a469cd2e71,e25ea6f199104439a6aa63859dc1bf01,USGS-14105700,00060,00003,2025-06-01,248000,ft^3/s,Provisional,,2026-03-03 00:28:16.793221+00:00
dd256066-aa25-47f4-86ac-b049d0c2d8bf,e25ea6f199104439a6aa63859dc1bf01,USGS-14105700,00060,00003,2025-05-31,233000,ft^3/s,Provisional,,2026-03-03 00:28:16.793221+00:00
f3027d4f-b3fe-4ecc-9587-69533665cf5f,e25ea6f199104439a6aa63859dc1bf01,USGS-14105700,00060,00003,2025-05-30,206000,ft^3/s,Provisional,,2026-03-03 00:28:16.793221+00:00
aa535ccb-f122-4888-ae7e-80448fb7f9fb,e25ea6f199104439a6aa63859dc1bf01,USGS-14105700,00060,00003,2025-05-29,254000,ft^3/s,Provisional,,2026-03-03 00:28:16.793221+00:00
908493e8-f27a-4478-bc06-b606c615aa30,e25ea6f199104439a6aa63859dc1bf01,USGS-14105700,00060,00003,2025-05-28,181000,ft^3/s,Provisional,,2026-03-03 00:28:16.793221+00:00
40bfffed-4e42-4a57-8ddd-cea8ac268ad3,e25ea6f199104439a6aa63859dc1bf01,USGS-14105700,00060,00003,2025-05-27,156000,ft^3/s,Provisional,,2026-03-03 00:28:16.793221+00:00
ff3cfbf3-9211-4813-87ad-3e8d789aeaca,e25ea6f199104439a6aa63859dc1bf01,USGS-14105700,00060,00003,2025-05-26,180000,ft^3/s,Provisional,,2026-03-03 00:28:16.793221+00:00
c68e3c38-2f53-44ff-ac00-2994208486e1,e25ea6f199104439a6aa63859dc1bf01,USGS-14105700,00060,00003,2025-05-25,185000,ft^3/s,Provisional,,2026-03-03 00:28:16.793221+00:00
8a6f4911-b95d-49d1-b8e8-20305bbeea2c,e25ea6f199104439a6aa63859dc1bf01,USGS-14105700,00060,00003,2025-05-24,169000,ft^3/s,Provisional,,2026-03-03 00:28:16.793221+00:00
b2dfdf4d-7dfd-4d4a-9994-52e3415e8676,e25ea6f199104439a6aa63859dc1bf01,USGS-14105700,00060,00003,2025-05-23,195000,ft^3/s,Provisional,,2026-03-03 00:28:16.793221+00:00
3d8a16d5-581f-4c80-88ef-6849a2dddf60,e25ea6f199104439a6aa63859dc1bf01,USGS-14105700,00060,00003,2025-05-22,191000,ft^3/s,Provisional,,2026-03-03 00:28:16.793221+00:00
f7bf7ef6-0bd0-4acc-82a0-a3548a9e8248,e25ea6f199104439a6aa63859dc1bf01,USGS-14105700,00060,00003,2025-05-21,175000,ft^3/s,Provisional,,2026-03-03 00:28:16.793221+00:00
3f077652-ef3a-4063-b7a1-a3b7218128fc,e25ea6f199104439a6aa63859dc1bf01,USGS-14105700,00060,00003,2025-05-20,203000,ft^3/s,Provisional,,2026-03-03 00:28:16.793221+00:00
60f55d84-6115-4fff-be8c-669c6626acad,e25ea6f199104439a6aa63859dc1bf01,USGS-14105700,00060,00003,2025-05-19,194000,ft^3/s,Provisional,,2026-03-03 00:28:16.793221+00:00
771e9cfb-2cf2-4d68-8247-7b0400c87c5c,e25ea6f199104439a6aa63859dc1bf01,USGS-14105700,00060,00003,2025-05-18,201000,ft^3/s,Provisional,,2026-03-03 00:28:16.793221+00:00
07d6da1d-f0d5-442c-9578-1781d8fa994b,e25ea6f199104439a6aa63859dc1bf01,USGS-14105700,00060,00003,2025-05-17,248000,ft^3/s,Provisional,,2026-03-03 00:28:16.793221+00:00
c7143e7c-d427-43c6-acd2-63a6bebad111,e25ea6f199104439a6aa63859dc1bf01,USGS-14105700,00060,00003,2025-05-16,235000,ft^3/s,Provisional,,2026-03-03 00:28:16.793221+00:00
29fcabdd-8e2b-42aa-9d83-7814493ce586,e25ea6f199104439a6aa63859dc1bf01,USGS-14105700,00060,00003,2025-05-15,244000,ft^3/s,Provisional,,2026-03-03 00:28:16.793221+00:00
91b810be-090d-437b-bd09-9556007fe6ce,e25ea6f199104439a6aa63859dc1bf01,USGS-14105700,00060,00003,2025-05-14,273000,ft^3/s,Provisional,,2026-03-03 00:28:16.793221+00:00
c2b0b922-a3d7-4890-8317-997c43fc4fb6,e25ea6f199104439a6aa63859dc1bf01,USGS-14105700,00060,00003,2025-05-13,291000,ft^3/s,Provisional,,2026-03-03 00:28:16.793221+00:00
3b612255-c8a0-48dc-a402-784b10f7c146,e25ea6f199104439a6aa63859dc1bf01,USGS-14105700,00060,00003,2025-05-12,268000,ft^3/s,Provisional,,2026-03-03 00:28:16.793221+00:00
4b24652f-14a5-4a66-b4f1-efc53ed9e386,e25ea6f199104439a6aa63859dc1bf01,USGS-14105700,00060,00003,2025-05-11,268000,ft^3/s,Provisional,,2026-03-03 00:28:16.793221+00:00
725f7158-a459-4c3b-a2c2-5240e8504ce1,e25ea6f199104439a6aa63859dc1bf01,USGS-14105700,00060,00003,2025-05-10,257000,ft^3/s,Provisional,,2026-03-03 00:28:16.793221+00:00
60eb090d-ee7b-4292-b7d9-826b46e5ee72,e25ea6f199104439a6aa63859dc1bf01,USGS-14105700,00060,00003,2025-05-09,242000,ft^3/s,Provisional,,2026-03-03 00:28:16.793221+00:00
d0749a2b-88ac-48a7-8647-54629aa523c9,e25ea6f199104439a6aa63859dc1bf01,USGS-14105700,00060,00003,2025-05-08,235000,ft^3/s,Provisional,,2026-03-03 00:28:16.793221+00:00
f8a38ce8-c013-4a11-a280-a4bb40317b40,e25ea6f199104439a6aa63859dc1bf01,USGS-14105700,00060,00003,2025-05-07,245000,ft^3/s,Provisional,,2026-03-03 00:28:16.793221+00:00
25dd5e7c-1bf6-4bc4-a935-26e6d0497552,e25ea6f199104439a6aa63859dc1bf01,USGS-14105700,00060,00003,2025-05-06,229000,ft^3/s,Provisional,,2026-03-03 00:28:16.793221+00:00
f98c97e0-bd19-458e-956e-322552575f3a,e25ea6f199104439a6aa63859dc1bf01,USGS-14105700,00060,00003,2025-05-05,221000,ft^3/s,Provisional,,2026-03-03 00:28:16.793221+00:00
4ed7abe4-7478-4435-bc25-5452e5ce31ba,e25ea6f199104439a6aa63859dc1bf01,USGS-14105700,00060,00003,2025-05-04,231000,ft^3/s,Provisional,,2026-03-03 00:28:16.793221+00:00
90c35785-b048-40b8-ad62-3766f5a617e8,e25ea6f199104439a6aa63859dc1bf01,USGS-14105700,00060,00003,2025-05-03,233000,ft^3/s,Provisional,,2026-03-03 00:28:16.793221+00:00
79960760-df0c-41d7-836b-a72adf3ebbdd,e25ea6f199104439a6aa63859dc1bf01,USGS-14105700,00060,00003,2025-05-02,248000,ft^3/s,Provisional,,2026-03-03 00:28:16.793221+00:00
230582c5-f3d5-4ce0-9c78-2246dbe5b049,e25ea6f199104439a6aa63859dc1bf01,USGS-14105700,00060,00003,2025-05-01,214000,ft^3/s,Provisional,,2026-03-03 00:28:16.793221+00:00
0b4d629c-64d0-4d89-a450-63d004c5bfda,e25ea6f199104439a6aa63859dc1bf01,USGS-14105700,00060,00003,2025-04-30,235000,ft^3/s,Provisional,,2026-03-03 00:28:16.793221+00:00
2e206524-d129-40e3-9f18-4453565be241,e25ea6f199104439a6aa63859dc1bf01,USGS-14105700,00060,00003,2025-04-29,247000,ft^3/s,Provisional,['ESTIMATED'],2026-03-03 00:28:16.793221+00:00
0500b3fa-206f-4556-bddb-642b01c8ece7,e25ea6f199104439a6aa63859dc1bf01,USGS-14105700,00060,00003,2025-04-28,244000,ft^3/s,Provisional,['ESTIMATED'],2026-03-03 00:28:16.793221+00:00
9e155b61-b011-4858-9c1a-5e5a7d375e65,e25ea6f199104439a6aa63859dc1bf01,USGS-14105700,00060,00003,2025-04-27,243000,ft^3/s,Provisional,['ESTIMATED'],2026-03-03 00:28:16.793221+00:00
3304c4c0-0eea-4df6-b143-81094b03497c,e25ea6f199104439a6aa63859dc1bf01,USGS-14105700,00060,00003,2025-04-26,250000,ft^3/s,Provisional,,2026-03-03 00:28:16.793221+00:00
d9bc3b04-93f3-4180-948d-da4442a50e0a,e25ea6f199104439a6aa63859dc1bf01,USGS-14105700,00060,00003,2025-04-25,207000,ft^3/s,Provisional,,2026-03-03 00:28:16.793221+00:00
355ed5b2-0dfd-4e13-91ea-b69c0901bb2b,e25ea6f199104439a6aa63859dc1bf01,USGS-14105700,00060,00003,2025-04-24,201000,ft^3/s,Provisional,,2026-03-03 00:28:16.793221+00:00
fb3e0d2c-c85a-452d-9250-a81a826841ae,e25ea6f199104439a6aa63859dc1bf01,USGS-14105700,00060,00003,2025-04-23,208000,ft^3/s,Provisional,,2026-03-03 00:28:16.793221+00:00
0c4a85dd-10d2-47fc-939c-3f06d2dd0db6,e25ea6f199104439a6aa63859dc1bf01,USGS-14105700,00060,00003,2025-04-22,199000,ft^3/s,Provisional,,2026-03-03 00:28:16.793221+00:00
0dab9cbe-c080-45f2-95bb-441c207c07e5,e25ea6f199104439a6aa63859dc1bf01,USGS-14105700,00060,00003,2025-04-21,276000,ft^3/s,Provisional,,2026-03-03 00:28:16.793221+00:00
679daceb-618f-4c6b-a93d-f39ce7081dfc,e25ea6f199104439a6aa63859dc1bf01,USGS-14105700,00060,00003,2025-04-20,272000,ft^3/s,Provisional,,2026-03-03 00:28:16.793221+00:00
4cfda945-cc07-4aaf-bbd5-de6920e99c05,e25ea6f199104439a6aa63859dc1bf01,USGS-14105700,00060,00003,2025-04-19,265000,ft^3/s,Provisional,,2026-03-03 00:28:16.793221+00:00
f3607fc0-adb8-49cc-83a2-dc246ca00577,e25ea6f199104439a6aa63859dc1bf01,USGS-14105700,00060,00003,2025-04-18,232000,ft^3/s,Provisional,,2026-03-03 00:28:16.793221+00:00
8dcc80ac-a4c7-4d4e-a540-107fdb11b352,e25ea6f199104439a6aa63859dc1bf01,USGS-14105700,00060,00003,2025-04-17,249000,ft^3/s,Provisional,,2026-03-03 00:28:16.793221+00:00
86ff00dc-0687-40c5-8268-137b90c00aef,e25ea6f199104439a6aa63859dc1bf01,USGS-14105700,00060,00003,2025-04-16,286000,ft^3/s,Provisional,,2026-03-03 00:28:16.793221+00:00
42b3e6f3-16b5-46fb-b43a-5b4d83dc5a59,e25ea6f199104439a6aa63859dc1bf01,USGS-14105700,00060,00003,2025-04-15,269000,ft^3/s,Provisional,,2026-03-03 00:28:16.793221+00:00
ad7e966e-3e79-4e06-9593-cd32c10b38f4,e25ea6f199104439a6aa63859dc1bf01,USGS-14105700,00060,00003,2025-04-14,281000,ft^3/s,Provisional,,2026-03-03 00:28:16.793221+00:00
00e28d3a-f15f-4265-b8d3-1a8c8cef3a05,e25ea6f199104439a6aa63859dc1bf01,USGS-14105700,00060,00003,2025-04-13,251000,ft^3/s,Provisional,,2026-03-03 00:28:16.793221+00:00
5ff31f7f-c89f-4eae-9914-53e2eee83f9f,e25ea6f199104439a6aa63859dc1bf01,USGS-14105700,00060,00003,2025-04-12,285000,ft^3/s,Provisional,,2026-03-03 00:28:16.793221+00:00
b12bebf6-5ffc-45b7-a2e8-144be47a5b52,e25ea6f199104439a6aa63859dc1bf01,USGS-14105700,00060,00003,2025-04-11,259000,ft^3/s,Provisional,,2026-03-03 00:28:16.793221+00:00
5e904350-03c2-4b70-aae1-d8e87fc48c33,e25ea6f199104439a6aa63859dc1bf01,USGS-14105700,00060,00003,2025-04-10,246000,ft^3/s,Provisional,,2026-03-03 00:28:16.793221+00:00
13c952f1-2ac3-40dc-985e-0311c7b2a474,e25ea6f199104439a6aa63859dc1bf01,USGS-14105700,00060,00003,2025-04-09,174000,ft^3/s,Provisional,,2026-03-03 00:28:16.793221+00:00
0c6a41fd-550c-4062-bd27-6d3b4a6dba0e,e25ea6f199104439a6aa63859dc1bf01,USGS-14105700,00060,00003,2025-04-08,166000,ft^3/s,Provisional,,2026-03-03 00:28:16.793221+00:00
25eeed29-021d-4789-9c10-6baec5a43b0a,e25ea6f199104439a6aa63859dc1bf01,USGS-14105700,00060,00003,2025-04-07,177000,ft^3/s,Provisional,,2026-03-03 00:28:16.793221+00:00
b8f7e2d1-d261-48a6-8fa1-4e18873c220a,e25ea6f199104439a6aa63859dc1bf01,USGS-14105700,00060,00003,2025-04-06,191000,ft^3/s,Provisional,,2026-03-03 00:28:16.793221+00:00
5d8f6d94-8c20-48d9-963c-d6732aaba0ca,e25ea6f199104439a6aa63859dc1bf01,USGS-14105700,00060,00003,2025-04-05,197000,ft^3/s,Provisional,,2026-03-03 00:28:16.793221+00:00
d4b1d818-d7a5-4ae0-95db-914c3258eede,e25ea6f199104439a6aa63859dc1bf01,USGS-14105700,00060,00003,2025-04-04,174000,ft^3/s,Provisional,,2026-03-03 00:28:16.793221+00:00
288f6a2a-0c34-4970-89c1-d06ede67e59c,e25ea6f199104439a6aa63859dc1bf01,USGS-14105700,00060,00003,2025-04-03,200000,ft^3/s,Provisional,,2026-03-03 00:28:16.793221+00:00
c9949415-bc4c-4101-83ab-d4d823f25f31,e25ea6f199104439a6aa63859dc1bf01,USGS-14105700,00060,00003,2025-04-02,237000,ft^3/s,Provisional,,2026-03-03 00:28:16.793221+00:00
d510ace7-8e61-4e87-b0c9-da7d8c0a7341,e25ea6f199104439a6aa63859dc1bf01,USGS-14105700,00060,00003,2025-04-01,244000,ft^3/s,Provisional,,2026-03-03 00:28:16.793221+00:00
e514141e-7ad0-4db6-8ee3-641c587eeb72,e25ea6f199104439a6aa63859dc1bf01,USGS-14105700,00060,00003,2025-03-31,260000,ft^3/s,Provisional,,2026-03-03 00:28:16.793221+00:00
33d84485-3917-4764-81b6-1de2678bd37c,e25ea6f199104439a6aa63859dc1bf01,USGS-14105700,00060,00003,2025-03-30,250000,ft^3/s,Provisional,,2026-03-03 00:28:16.793221+00:00
fff14696-fafb-4f81-8c34-162a2e0d2942,e25ea6f199104439a6aa63859dc1bf01,USGS-14105700,00060,00003,2025-03-29,263000,ft^3/s,Provisional,,2026-03-03 00:28:16.793221+00:00
897ddff9-d677-41cb-a793-e1bc775b4c5c,e25ea6f199104439a6aa63859dc1bf01,USGS-14105700,00060,00003,2025-03-28,252000,ft^3/s,Provisional,,2026-03-03 00:28:16.793221+00:00
a45814f8-1b43-4b46-a323-8c9aed94d33b,e25ea6f199104439a6aa63859dc1bf01,USGS-14105700,00060,00003,2025-03-27,220000,ft^3/s,Provisional,,2026-03-03 00:28:16.793221+00:00
15ca91eb-aaf1-4494-af38-378a5771fff1,e25ea6f199104439a6aa63859dc1bf01,USGS-14105700,00060,00003,2025-03-26,181000,ft^3/s,Provisional,,2026-03-03 00:28:16.793221+00:00
2f84f30c-c309-4b53-a019-7c73188417e7,e25ea6f199104439a6aa63859dc1bf01,USGS-14105700,00060,00003,2025-03-25,165000,ft^3/s,Provisional,,2026-03-03 00:28:16.793221+00:00
43dd3190-93b5-470e-979d-e1848ce94072,e25ea6f199104439a6aa63859dc1bf01,USGS-14105700,00060,00003,2025-03-24,159000,ft^3/s,Provisional,,2026-03-03 00:28:16.793221+00:00
ad732636-3303-4c3c-81f4-b9f248c2104b,e25ea6f199104439a6aa63859dc1bf01,USGS-14105700,00060,00003,2025-03-23,153000,ft^3/s,Provisional,,2026-03-03 00:28:16.793221+00:00
5c2ba2a9-e21c-4143-997f-0ee820ffcd85,e25ea6f199104439a6aa63859dc1bf01,USGS-14105700,00060,00003,2025-03-22,161000,ft^3/s,Provisional,,2026-03-03 00:28:16.793221+00:00
fc6ac0d2-8da7-488b-87ee-b0e6cb83f9fd,e25ea6f199104439a6aa63859dc1bf01,USGS-14105700,00060,00003,2025-03-21,165000,ft^3/s,Provisional,,2026-03-03 00:28:16.793221+00:00
571d9d31-b34e-4642-9c6a-63904613272f,e25ea6f199104439a6aa63859dc1bf01,USGS-14105700,00060,00003,2025-03-20,145000,ft^3/s,Provisional,,2026-03-03 00:28:16.793221+00:00
33bccd64-92ff-45a7-be77-e33811a24198,e25ea6f199104439a6aa63859dc1bf01,USGS-14105700,00060,00003,2025-03-19,149000,ft^3/s,Provisional,,2026-03-03 00:28:16.793221+00:00
823e3a67-fcc0-4463-a997-035ab4470507,e25ea6f199104439a6aa63859dc1bf01,USGS-14105700,00060,00003,2025-03-18,156000,ft^3/s,Provisional,,2026-03-03 00:28:16.793221+00:00
c356e152-875d-4c04-8d15-85c3afe7e820,e25ea6f199104439a6aa63859dc1bf01,USGS-14105700,00060,00003,2025-03-17,176000,ft^3/s,Provisional,,2026-03-03 00:28:16.793221+00:00
af6ecf62-b343-4cff-9bb2-d53a45be8fd7,e25ea6f199104439a6aa63859dc1bf01,USGS-14105700,00060,00003,2025-03-16,147000,ft^3/s,Provisional,,2026-03-03 00:28:16.793221+00:00
43f3d49f-08e5-43b3-af43-9a6676cc7354,e25ea6f199104439a6aa63859dc1bf01,USGS-14105700,00060,00003,2025-03-15,163000,ft^3/s,Provisional,,2026-03-03 00:28:16.793221+00:00
62ef8e80-49ed-47aa-a077-6e1f1b7eab4b,e25ea6f199104439a6aa63859dc1bf01,USGS-14105700,00060,00003,2025-03-14,155000,ft^3/s,Provisional,,2026-03-03 00:28:16.793221+00:00
8fee5756-d5ec-4dac-bb59-758a29dbcd40,e25ea6f199104439a6aa63859dc1bf01,USGS-14105700,00060,00003,2025-03-13,167000,ft^3/s,Provisional,,2026-03-03 00:28:16.793221+00:00
6dc04a91-2fd3-4686-8e91-387942206e0e,e25ea6f199104439a6aa63859dc1bf01,USGS-14105700,00060,00003,2025-03-12,144000,ft^3/s,Provisional,,2026-03-03 00:28:16.793221+00:00
79f2e84a-d270-4b51-8721-5fbf6da73c63,e25ea6f199104439a6aa63859dc1bf01,USGS-14105700,00060,00003,2025-03-11,139000,ft^3/s,Provisional,,2026-03-03 00:28:16.793221+00:00
8ee8e923-eb77-4b86-94da-a82c2ed8bc33,e25ea6f199104439a6aa63859dc1bf01,USGS-14105700,00060,00003,2025-03-10,159000,ft^3/s,Provisional,,2026-03-03 00:28:16.793221+00:00
6dd61756-1f95-4466-bdf8-82dd6564c2ea,e25ea6f199104439a6aa63859dc1bf01,USGS-14105700,00060,00003,2025-03-09,153000,ft^3/s,Provisional,,2026-03-03 00:28:16.793221+00:00
aa44c780-a67c-4c84-b5df-ef5d6e3d93e1,e25ea6f199104439a6aa63859dc1bf01,USGS-14105700,00060,00003,2025-03-08,142000,ft^3/s,Provisional,,2026-03-03 00:28:16.793221+00:00
17384dcb-a27a-4152-a685-7a6973910898,e25ea6f199104439a6aa63859dc1bf01,USGS-14105700,00060,00003,2025-03-07,149000,ft^3/s,Provisional,,2026-03-03 00:28:16.793221+00:00
6de6eace-4990-43f0-971f-9fc4d9e8c4c2,e25ea6f199104439a6aa63859dc1bf01,USGS-14105700,00060,00003,2025-03-06,159000,ft^3/s,Provisional,,2026-03-03 00:28:16.793221+00:00
088540d4-76ea-4106-ae7e-f8c06f31e7b9,e25ea6f199104439a6aa63859dc1bf01,USGS-14105700,00060,00003,2025-03-05,142000,ft^3/s,Provisional,,2026-03-03 00:28:16.793221+00:00
caf5cfb4-8d92-4fd3-b697-65fe1fe3f899,e25ea6f199104439a6aa63859dc1bf01,USGS-14105700,00060,00003,2025-03-04,158000,ft^3/s,Provisional,,2026-03-03 00:28:16.793221+00:00
aca3012e-5eef-4f8a-a2a4-8ee8272683c9,e25ea6f199104439a6aa63859dc1bf01,USGS-14105700,00060,00003,2025-03-03,184000,ft^3/s,Provisional,,2026-03-03 00:28:16.793221+00:00
ef5a9922-3d54-44ad-8dc8-94bc1220fd90,e25ea6f199104439a6aa63859dc1bf01,USGS-14105700,00060,00003,2025-03-02,179000,ft^3/s,Provisional,,2026-03-03 00:28:16.793221+00:00
9650d909-b284-466e-8ecc-b91fc02b7496,e25ea6f199104439a6aa63859dc1bf01,USGS-14105700,00060,00003,2025-03-01,164000,ft^3/s,Provisional,,2026-03-03 00:28:16.793221+00:00
